CONS_NO,FLAG,DATE,CONSUMPTION,YEAR,MONTH,DAY,DAY_OF_WEEK,ROLL_MEAN_3,ROLL_STD_3,ROLL_MEAN_7,DIFF_1
CUST_0001,1,2014-01-01,5.68,2014,1,1,2,5.68,,5.68,
CUST_0001,1,2014-01-02,9.22,2014,1,2,3,7.45,2.503158005400379,7.45,3.540000000000001
CUST_0001,1,2014-01-03,1.92,2014,1,3,4,5.6066666666666665,3.6505524696042015,5.6066666666666665,-7.300000000000001
CUST_0001,1,2014-01-04,5.89,2014,1,4,5,5.676666666666667,3.6546728079724637,5.6775,3.9699999999999998
CUST_0001,1,2014-01-05,12.96,2014,1,5,6,6.923333333333335,5.592068788322738,7.134,7.070000000000001
CUST_0001,1,2014-01-06,0.57,2014,1,6,0,6.473333333333333,6.215563798508816,6.04,-12.39
CUST_0001,1,2014-01-07,12.13,2014,1,7,1,8.553333333333335,6.926213491752425,6.910000000000001,11.56
CUST_0001,1,2014-01-08,14.44,2014,1,8,2,9.046666666666667,7.431314374545954,8.161428571428571,2.3099999999999987
CUST_0001,1,2014-01-09,5.58,2014,1,9,3,10.716666666666669,4.595980127604266,7.6414285714285715,-8.86
CUST_0001,1,2014-01-10,5.18,2014,1,10,4,8.4,5.234615554173963,8.107142857142858,-0.40000000000000036
CUST_0001,1,2014-01-11,9.67,2014,1,11,5,6.81,2.484894363951916,8.647142857142857,4.49
CUST_0001,1,2014-01-12,9.9,2014,1,12,6,8.25,2.6611839470431193,8.209999999999999,0.23000000000000043
CUST_0001,1,2014-01-13,14.11,2014,1,13,0,11.226666666666667,2.4996866470286485,10.144285714285715,4.209999999999999
CUST_0001,1,2014-01-14,9.26,2014,1,14,1,11.089999999999998,2.634900377623411,9.734285714285715,-4.85
CUST_0001,1,2014-01-15,13.36,2014,1,15,2,12.243333333333334,2.610715099993358,9.58,4.1
CUST_0001,1,2014-01-16,0.87,2014,1,16,3,7.830000000000001,6.3666082021748425,8.907142857142857,-12.49
CUST_0001,1,2014-01-17,8.28,2014,1,17,4,7.503333333333333,6.2811172042347145,9.35,7.409999999999999
CUST_0001,1,2014-01-18,7.43,2014,1,18,5,5.526666666666666,4.055124330194244,9.03,-0.8499999999999996
CUST_0001,1,2014-01-19,5.88,2014,1,19,6,7.196666666666666,1.2168949557514506,8.455714285714285,-1.5499999999999998
CUST_0001,1,2014-01-20,1.86,2014,1,20,0,5.0566666666666675,2.874827531058744,6.7057142857142855,-4.02
CUST_0001,1,2014-01-21,1.64,2014,1,21,1,3.1266666666666674,2.386992528964702,5.6171428571428565,-0.2200000000000002
CUST_0001,1,2014-01-22,11.89,2014,1,22,2,5.130000000000002,5.855365061206687,5.407142857142857,10.25
CUST_0001,1,2014-01-23,1.36,2014,1,23,3,4.963333333333335,6.00030277013863,5.477142857142858,-10.530000000000001
CUST_0001,1,2014-01-24,1.85,2014,1,24,4,5.033333333333335,5.943099640198986,4.558571428571429,0.49
CUST_0001,1,2014-01-25,9.48,2014,1,25,5,4.230000000000001,4.553229623025834,4.851428571428571,7.630000000000001
CUST_0001,1,2014-01-26,10.5,2014,1,26,6,7.276666666666668,4.727222581319113,5.511428571428572,1.0199999999999996
CUST_0001,1,2014-01-27,8.95,2014,1,27,0,9.643333333333334,0.787802851818499,6.524285714285715,-1.5500000000000007
CUST_0001,1,2014-01-28,14.32,2014,1,28,1,11.256666666666668,2.763807759836668,8.335714285714285,5.370000000000001
CUST_0001,1,2014-01-29,10.59,2014,1,29,2,11.286666666666667,2.751950823204038,8.15,-3.7300000000000004
CUST_0001,1,2014-01-30,6.94,2014,1,30,3,10.616666666666669,3.6900722666816934,8.947142857142858,-3.6499999999999995
CUST_0002,1,2014-01-01,14.27,2014,1,1,2,14.27,,14.27,
CUST_0002,1,2014-01-02,2.18,2014,1,2,3,8.225,8.54892098454536,8.225,-12.09
CUST_0002,1,2014-01-03,7.48,2014,1,3,4,7.976666666666667,6.060283271707135,7.976666666666667,5.300000000000001
CUST_0002,1,2014-01-04,4.14,2014,1,4,5,4.6000000000000005,2.6797761100509887,7.0175,-3.3400000000000007
CUST_0002,1,2014-01-05,9.39,2014,1,5,6,7.003333333333334,2.657260494067781,7.492,5.250000000000001
CUST_0002,1,2014-01-06,9.58,2014,1,6,0,7.703333333333333,3.087399121158997,7.84,0.1899999999999995
CUST_0002,1,2014-01-07,13.45,2014,1,7,1,10.806666666666667,2.291164187336505,8.641428571428571,3.869999999999999
CUST_0002,1,2014-01-08,3.85,2014,1,8,2,8.959999999999999,4.829937887799389,7.152857142857143,-9.6
CUST_0002,1,2014-01-09,9.52,2014,1,9,3,8.94,4.826209692916381,8.20142857142857,5.67
CUST_0002,1,2014-01-10,1.79,2014,1,10,4,5.053333333333334,4.003028020553113,7.388571428571429,-7.7299999999999995
CUST_0002,1,2014-01-11,1.35,2014,1,11,5,4.22,4.595204021585989,6.99,-0.43999999999999995
CUST_0002,1,2014-01-12,8.57,2014,1,12,6,3.9033333333333338,4.047435401996354,6.872857142857143,7.220000000000001
CUST_0002,1,2014-01-13,14.31,2014,1,13,0,8.076666666666668,6.494069089048358,7.548571428571429,5.74
CUST_0002,1,2014-01-14,14.85,2014,1,14,1,12.576666666666668,3.4803639656411436,7.748571428571428,0.5399999999999991
CUST_0002,1,2014-01-15,5.14,2014,1,15,2,11.433333333333332,5.45687028738391,7.932857142857142,-9.71
CUST_0002,1,2014-01-16,8.02,2014,1,16,3,9.336666666666666,4.987106709639705,7.718571428571429,2.88
CUST_0002,1,2014-01-17,10.75,2014,1,17,4,7.97,2.805334204689352,8.998571428571429,2.7300000000000004
CUST_0002,1,2014-01-18,7.15,2014,1,18,5,8.64,1.8783769589728345,9.827142857142858,-3.5999999999999996
CUST_0002,1,2014-01-19,9.68,2014,1,19,6,9.193333333333333,1.848684216769691,9.985714285714286,2.5299999999999994
CUST_0002,1,2014-01-20,10.48,2014,1,20,0,9.103333333333333,1.7382845950342443,9.438571428571427,0.8000000000000007
CUST_0002,1,2014-01-21,13.55,2014,1,21,1,11.236666666666666,2.0429472174614225,9.252857142857144,3.0700000000000003
CUST_0002,1,2014-01-22,11.87,2014,1,22,2,11.966666666666669,1.5372811497359125,10.214285714285714,-1.6800000000000015
CUST_0002,1,2014-01-23,14.8,2014,1,23,3,13.406666666666666,1.4702494119479756,11.182857142857143,2.9300000000000015
CUST_0002,1,2014-01-24,9.77,2014,1,24,4,12.146666666666667,2.5263874076105926,11.042857142857143,-5.030000000000001
CUST_0002,1,2014-01-25,10.47,2014,1,25,5,11.68,2.7245733610971157,11.517142857142856,0.7000000000000011
CUST_0002,1,2014-01-26,8.09,2014,1,26,6,9.443333333333333,1.2231652927275867,11.290000000000001,-2.380000000000001
CUST_0002,1,2014-01-27,5.78,2014,1,27,0,8.113333333333333,2.345087063060424,10.618571428571428,-2.3099999999999996
CUST_0002,1,2014-01-28,9.13,2014,1,28,1,7.666666666666667,1.714652540118074,9.987142857142857,3.3500000000000005
CUST_0002,1,2014-01-29,3.27,2014,1,29,2,6.060000000000001,2.940017006753538,8.758571428571429,-5.860000000000001
CUST_0002,1,2014-01-30,14.7,2014,1,30,3,9.033333333333333,5.715613119634092,8.744285714285715,11.43
CUST_0003,1,2014-01-01,11.01,2014,1,1,2,11.01,,11.01,
CUST_0003,1,2014-01-02,4.45,2014,1,2,3,7.73,4.638620484583751,7.73,-6.56
CUST_0003,1,2014-01-03,0.61,2014,1,3,4,5.3566666666666665,5.258947930274014,5.3566666666666665,-3.8400000000000003
CUST_0003,1,2014-01-04,12.45,2014,1,4,5,5.836666666666666,6.040573924167581,7.13,11.84
CUST_0003,1,2014-01-05,5.03,2014,1,5,6,6.03,5.983009276275609,6.709999999999999,-7.419999999999999
CUST_0003,1,2014-01-06,4.78,2014,1,6,0,7.420000000000001,4.357900870832192,6.388333333333333,-0.25
CUST_0003,1,2014-01-07,4.84,2014,1,7,1,4.883333333333334,0.13051181300301318,6.167142857142857,0.05999999999999961
CUST_0003,1,2014-01-08,7.51,2014,1,8,2,5.710000000000001,1.5591343752223523,5.667142857142857,2.67
CUST_0003,1,2014-01-09,9.54,2014,1,9,3,7.296666666666667,2.3572512240602017,6.394285714285714,2.0299999999999994
CUST_0003,1,2014-01-10,13.88,2014,1,10,4,10.31,3.2540590037674444,8.290000000000001,4.340000000000002
CUST_0003,1,2014-01-11,2.51,2014,1,11,5,8.643333333333333,5.737789934577017,6.869999999999999,-11.370000000000001
CUST_0003,1,2014-01-12,1.5,2014,1,12,6,5.963333333333334,6.874607867604766,6.365714285714286,-1.0099999999999998
CUST_0003,1,2014-01-13,13.73,2014,1,13,0,5.913333333333334,6.788242285992254,7.644285714285715,12.23
CUST_0003,1,2014-01-14,2.19,2014,1,14,1,5.8066666666666675,6.870475480877095,7.265714285714286,-11.540000000000001
CUST_0003,1,2014-01-15,5.7,2014,1,15,2,7.206666666666667,5.915693816733025,7.007142857142857,3.5100000000000002
CUST_0003,1,2014-01-16,8.16,2014,1,16,3,5.3500000000000005,3.0003499795857187,6.8100000000000005,2.46
CUST_0003,1,2014-01-17,9.94,2014,1,17,4,7.933333333333334,2.1290686539736874,6.247142857142856,1.7799999999999994
CUST_0003,1,2014-01-18,2.68,2014,1,18,5,6.926666666666667,3.783878081193069,6.271428571428571,-7.26
CUST_0003,1,2014-01-19,6.93,2014,1,19,6,6.516666666666666,3.64760652117705,7.047142857142857,4.25
CUST_0003,1,2014-01-20,9.47,2014,1,20,0,6.359999999999999,3.4306996371002834,6.438571428571428,2.540000000000001
CUST_0003,1,2014-01-21,7.63,2014,1,21,1,8.01,1.311945120803458,7.215714285714285,-1.8400000000000007
CUST_0003,1,2014-01-22,1.46,2014,1,22,2,6.186666666666667,4.19552539419479,6.61,-6.17
CUST_0003,1,2014-01-23,5.68,2014,1,23,3,4.923333333333333,3.153828361425738,6.255714285714285,4.22
CUST_0003,1,2014-01-24,11.22,2014,1,24,4,6.12,4.894854441145315,6.438571428571429,5.540000000000001
CUST_0003,1,2014-01-25,6.87,2014,1,25,5,7.923333333333333,2.916339029216825,7.037142857142858,-4.3500000000000005
CUST_0003,1,2014-01-26,4.71,2014,1,26,6,7.6000000000000005,3.315825689025284,6.720000000000001,-2.16
CUST_0003,1,2014-01-27,14.55,2014,1,27,0,8.71,5.171614834846075,7.445714285714287,9.84
CUST_0003,1,2014-01-28,3.51,2014,1,28,1,7.590000000000001,6.057326142779503,6.857142857142857,-11.040000000000001
CUST_0003,1,2014-01-29,2.13,2014,1,29,2,6.73,6.807378349996423,6.952857142857143,-1.38
CUST_0003,1,2014-01-30,7.44,2014,1,30,3,4.36,2.7551587976013345,7.204285714285715,5.3100000000000005
CUST_0004,1,2014-01-01,9.02,2014,1,1,2,9.02,,9.02,
CUST_0004,1,2014-01-02,5.56,2014,1,2,3,7.289999999999999,2.4465894629054543,7.289999999999999,-3.46
CUST_0004,1,2014-01-03,13.65,2014,1,3,4,9.41,4.059076249591771,9.41,8.09
CUST_0004,1,2014-01-04,5.42,2014,1,4,5,8.21,4.711698207652948,8.4125,-8.23
CUST_0004,1,2014-01-05,1.05,2014,1,5,6,6.706666666666667,6.397783470338251,6.94,-4.37
CUST_0004,1,2014-01-06,7.68,2014,1,6,0,4.716666666666666,3.3704945235578356,7.0633333333333335,6.63
CUST_0004,1,2014-01-07,1.74,2014,1,7,1,3.4899999999999998,3.6450102880513295,6.3028571428571425,-5.9399999999999995
CUST_0004,1,2014-01-08,4.58,2014,1,8,2,4.666666666666667,2.970948221247446,5.668571428571428,2.84
CUST_0004,1,2014-01-09,8.08,2014,1,9,3,4.8,3.1757203907145275,6.028571428571429,3.5
CUST_0004,1,2014-01-10,13.17,2014,1,10,4,8.61,4.319455984264685,5.96,5.09
CUST_0004,1,2014-01-11,13.49,2014,1,11,5,11.58,3.0353088804930515,7.112857142857143,0.3200000000000003
CUST_0004,1,2014-01-12,5.58,2014,1,12,6,10.746666666666664,4.477324349802381,7.76,-7.91
CUST_0004,1,2014-01-13,5.62,2014,1,13,0,8.229999999999999,4.5553375286580025,7.465714285714286,0.040000000000000036
CUST_0004,1,2014-01-14,7.82,2014,1,14,1,6.34,1.2818736287169632,8.334285714285715,2.2
CUST_0004,1,2014-01-15,1.5,2014,1,15,2,4.9799999999999995,3.208239392564089,7.894285714285715,-6.32
CUST_0004,1,2014-01-16,9.6,2014,1,16,3,6.306666666666666,4.256774992095933,8.111428571428572,8.1
CUST_0004,1,2014-01-17,4.27,2014,1,17,4,5.123333333333332,4.1168717897614115,6.840000000000001,-5.33
CUST_0004,1,2014-01-18,6.56,2014,1,18,5,6.809999999999999,2.6737800956697977,5.8500000000000005,2.29
CUST_0004,1,2014-01-19,8.23,2014,1,19,6,6.353333333333333,1.9880727686212416,6.228571428571429,1.6700000000000008
CUST_0004,1,2014-01-20,13.17,2014,1,20,0,9.32,3.4371645290849835,7.307142857142857,4.9399999999999995
CUST_0004,1,2014-01-21,12.41,2014,1,21,1,11.270000000000001,2.6599999999999984,7.962857142857142,-0.7599999999999998
CUST_0004,1,2014-01-22,7.47,2014,1,22,2,11.016666666666666,3.0949205697938895,8.815714285714284,-4.94
CUST_0004,1,2014-01-23,5.62,2014,1,23,3,8.5,3.510227912828457,8.247142857142858,-1.8499999999999996
CUST_0004,1,2014-01-24,8.79,2014,1,24,4,7.293333333333333,1.5923672105809537,8.892857142857142,3.169999999999999
CUST_0004,1,2014-01-25,9.45,2014,1,25,5,7.953333333333333,2.047494403736762,9.305714285714286,0.6600000000000001
CUST_0004,1,2014-01-26,12.23,2014,1,26,6,10.156666666666666,1.8256323105525218,9.877142857142857,2.780000000000001
CUST_0004,1,2014-01-27,12.65,2014,1,27,0,11.443333333333333,1.739003546095673,9.802857142857144,0.41999999999999993
CUST_0004,1,2014-01-28,10.11,2014,1,28,1,11.663333333333334,1.3615187598168896,9.474285714285713,-2.540000000000001
CUST_0004,1,2014-01-29,0.32,2014,1,29,2,7.6933333333333325,6.51056321168402,8.452857142857143,-9.79
CUST_0004,1,2014-01-30,5.0,2014,1,30,3,5.1433333333333335,4.89657363197301,8.364285714285714,4.68
CUST_0005,1,2014-01-01,2.42,2014,1,1,2,2.42,,2.42,
CUST_0005,1,2014-01-02,6.9,2014,1,2,3,4.66,3.1678383797157332,4.66,4.48
CUST_0005,1,2014-01-03,3.96,2014,1,3,4,4.426666666666667,2.2761663676746773,4.426666666666667,-2.9400000000000004
CUST_0005,1,2014-01-04,4.29,2014,1,4,5,5.05,1.6106209982488122,4.3925,0.33000000000000007
CUST_0005,1,2014-01-05,4.73,2014,1,5,6,4.326666666666667,0.38630730427126614,4.46,0.4400000000000004
CUST_0005,1,2014-01-06,13.62,2014,1,6,0,7.546666666666667,5.26425999864495,5.986666666666667,8.889999999999999
CUST_0005,1,2014-01-07,3.5,2014,1,7,1,7.283333333333334,5.5220678493960325,5.631428571428572,-10.12
CUST_0005,1,2014-01-08,4.34,2014,1,8,2,7.153333333333333,5.616024691303745,5.905714285714285,0.8399999999999999
CUST_0005,1,2014-01-09,1.45,2014,1,9,3,3.0966666666666662,1.486618085902806,5.127142857142857,-2.8899999999999997
CUST_0005,1,2014-01-10,3.94,2014,1,10,4,3.2433333333333336,1.5658969740482043,5.124285714285714,2.49
CUST_0005,1,2014-01-11,9.14,2014,1,11,5,4.843333333333334,3.9237779413893095,5.817142857142857,5.200000000000001
CUST_0005,1,2014-01-12,4.05,2014,1,12,6,5.710000000000001,2.970976270521189,5.719999999999999,-5.090000000000001
CUST_0005,1,2014-01-13,0.33,2014,1,13,0,4.506666666666667,4.422717867254629,3.8214285714285707,-3.7199999999999998
CUST_0005,1,2014-01-14,13.17,2014,1,14,1,5.849999999999999,6.6065422120803845,5.202857142857143,12.84
CUST_0005,1,2014-01-15,8.72,2014,1,15,2,7.406666666666666,6.519971881329958,5.828571428571428,-4.449999999999999
CUST_0005,1,2014-01-16,10.92,2014,1,16,3,10.936666666666667,2.225046815986868,7.1814285714285715,2.1999999999999993
CUST_0005,1,2014-01-17,14.33,2014,1,17,4,11.323333333333332,2.8266647012571724,8.665714285714285,3.41
CUST_0005,1,2014-01-18,6.04,2014,1,18,5,10.43,4.166665333333116,8.222857142857142,-8.29
CUST_0005,1,2014-01-19,14.13,2014,1,19,6,11.5,4.7295560045315,9.662857142857144,8.09
CUST_0005,1,2014-01-20,11.05,2014,1,20,0,10.406666666666668,4.0831891130993805,11.194285714285714,-3.08
CUST_0005,1,2014-01-21,4.87,2014,1,21,1,10.016666666666667,4.715690122700314,10.008571428571429,-6.180000000000001
CUST_0005,1,2014-01-22,0.96,2014,1,22,2,5.626666666666668,5.087379810210095,8.9,-3.91
CUST_0005,1,2014-01-23,12.21,2014,1,23,3,6.013333333333333,5.71148258627594,9.084285714285715,11.25
CUST_0005,1,2014-01-24,14.44,2014,1,24,4,9.203333333333333,7.2254849894891695,9.1,2.2299999999999986
CUST_0005,1,2014-01-25,8.81,2014,1,25,5,11.82,2.8351895880169953,9.495714285714286,-5.629999999999999
CUST_0005,1,2014-01-26,10.3,2014,1,26,6,11.183333333333332,2.917093302130275,8.948571428571428,1.4900000000000002
CUST_0005,1,2014-01-27,12.59,2014,1,27,0,10.566666666666668,1.9040570719737664,9.168571428571429,2.289999999999999
CUST_0005,1,2014-01-28,9.31,2014,1,28,1,10.733333333333334,1.682389174160757,9.802857142857144,-3.2799999999999994
CUST_0005,1,2014-01-29,5.32,2014,1,29,2,9.073333333333334,3.640773727291126,10.425714285714287,-3.99
CUST_0005,1,2014-01-30,9.54,2014,1,30,3,8.056666666666667,2.3728112721692214,10.044285714285715,4.219999999999999
CUST_0006,1,2014-01-01,2.42,2014,1,1,2,2.42,,2.42,
CUST_0006,1,2014-01-02,11.8,2014,1,2,3,7.11,6.632661607529816,7.11,9.38
CUST_0006,1,2014-01-03,9.97,2014,1,3,4,8.063333333333334,4.972185971314159,8.063333333333334,-1.83
CUST_0006,1,2014-01-04,8.19,2014,1,4,5,9.986666666666666,1.8050577091421014,8.095,-1.7800000000000011
CUST_0006,1,2014-01-05,4.95,2014,1,5,6,7.703333333333333,2.54513915795057,7.465999999999999,-3.2399999999999993
CUST_0006,1,2014-01-06,3.81,2014,1,6,0,5.6499999999999995,2.2723556059736802,6.8566666666666665,-1.1400000000000001
CUST_0006,1,2014-01-07,6.46,2014,1,7,1,5.073333333333333,1.3292980603812483,6.8,2.65
CUST_0006,1,2014-01-08,0.65,2014,1,8,2,3.64,2.9087282444394873,6.547142857142857,-5.81
CUST_0006,1,2014-01-09,12.55,2014,1,9,3,6.553333333333335,5.950548994280558,6.654285714285715,11.9
CUST_0006,1,2014-01-10,9.93,2014,1,10,4,7.710000000000001,6.252903325656012,6.648571428571429,-2.620000000000001
CUST_0006,1,2014-01-11,0.24,2014,1,11,5,7.573333333333334,6.484553441319869,5.5128571428571425,-9.69
CUST_0006,1,2014-01-12,3.74,2014,1,12,6,4.636666666666667,4.9068353684766475,5.340000000000001,3.5
CUST_0006,1,2014-01-13,13.93,2014,1,13,0,5.97,7.112221875054238,6.785714285714286,10.19
CUST_0006,1,2014-01-14,11.14,2014,1,14,1,9.603333333333333,5.2659313832724175,7.454285714285715,-2.789999999999999
CUST_0006,1,2014-01-15,0.64,2014,1,15,2,8.57,7.007831333586735,7.452857142857143,-10.5
CUST_0006,1,2014-01-16,14.64,2014,1,16,3,8.806666666666667,7.285830998131467,7.751428571428571,14.0
CUST_0006,1,2014-01-17,11.09,2014,1,17,4,8.790000000000001,7.277877437824852,7.917142857142857,-3.5500000000000007
CUST_0006,1,2014-01-18,9.28,2014,1,18,5,11.67,2.726664629176101,9.20857142857143,-1.8100000000000005
CUST_0006,1,2014-01-19,5.85,2014,1,19,6,8.74,2.6614094010505087,9.510000000000002,-3.4299999999999997
CUST_0006,1,2014-01-20,12.07,2014,1,20,0,9.066666666666666,3.115482841123245,9.244285714285715,6.220000000000001
CUST_0006,1,2014-01-21,13.44,2014,1,21,1,10.453333333333333,4.045025751875181,9.572857142857144,1.3699999999999992
CUST_0006,1,2014-01-22,8.29,2014,1,22,2,11.266666666666666,2.6673270015754302,10.665714285714285,-5.15
CUST_0006,1,2014-01-23,14.21,2014,1,23,3,11.979999999999999,3.218741990281304,10.604285714285714,5.920000000000002
CUST_0006,1,2014-01-24,5.69,2014,1,24,4,9.396666666666667,4.366478367441361,9.832857142857142,-8.52
CUST_0006,1,2014-01-25,13.53,2014,1,25,5,11.143333333333333,4.734948081376751,10.44,7.839999999999999
CUST_0006,1,2014-01-26,2.52,2014,1,26,6,7.246666666666666,5.667665598227664,9.964285714285714,-11.01
CUST_0006,1,2014-01-27,7.08,2014,1,27,0,7.710000000000001,5.531970715757633,9.251428571428573,4.5600000000000005
CUST_0006,1,2014-01-28,5.44,2014,1,28,1,5.013333333333333,2.3097474609431536,8.108571428571429,-1.6399999999999997
CUST_0006,1,2014-01-29,8.89,2014,1,29,2,7.136666666666667,1.7256979264440675,8.194285714285714,3.45
CUST_0006,1,2014-01-30,3.68,2014,1,30,3,6.003333333333334,2.650289292385522,6.69,-5.210000000000001
CUST_0007,1,2014-01-01,0.97,2014,1,1,2,0.97,,0.97,
CUST_0007,1,2014-01-02,3.08,2014,1,2,3,2.025,1.4919953083036153,2.025,2.1100000000000003
CUST_0007,1,2014-01-03,4.74,2014,1,3,4,2.9299999999999997,1.8894708253900085,2.9299999999999997,1.6600000000000001
CUST_0007,1,2014-01-04,2.2,2014,1,4,5,3.34,1.289806186990898,2.7475,-2.54
CUST_0007,1,2014-01-05,10.97,2014,1,5,6,5.9700000000000015,4.512527008229425,4.392,8.77
CUST_0007,1,2014-01-06,6.21,2014,1,6,0,6.460000000000001,4.390341672353076,4.695,-4.760000000000001
CUST_0007,1,2014-01-07,12.29,2014,1,7,1,9.823333333333334,3.1980827589875345,5.78,6.079999999999999
CUST_0007,1,2014-01-08,9.18,2014,1,8,2,9.226666666666667,3.0402686284822464,6.952857142857143,-3.1099999999999994
CUST_0007,1,2014-01-09,4.88,2014,1,9,3,8.783333333333333,3.720891470243834,7.210000000000001,-4.3
CUST_0007,1,2014-01-10,12.28,2014,1,10,4,8.78,3.7161808352124077,8.287142857142857,7.3999999999999995
CUST_0007,1,2014-01-11,1.61,2014,1,11,5,6.256666666666667,5.4665924791714,8.202857142857143,-10.67
CUST_0007,1,2014-01-12,14.6,2014,1,12,6,9.496666666666668,6.927859217199301,8.721428571428572,12.99
CUST_0007,1,2014-01-13,6.48,2014,1,13,0,7.563333333333333,6.562410634312159,8.76,-8.12
CUST_0007,1,2014-01-14,10.49,2014,1,14,1,10.523333333333333,4.0601026259607425,8.502857142857142,4.01
CUST_0007,1,2014-01-15,7.04,2014,1,15,2,8.003333333333332,2.1716430031967313,8.197142857142858,-3.45
CUST_0007,1,2014-01-16,7.79,2014,1,16,3,8.44,1.8145247311624013,8.612857142857143,0.75
CUST_0007,1,2014-01-17,8.36,2014,1,17,4,7.7299999999999995,0.6620422947214071,8.052857142857144,0.5699999999999994
CUST_0007,1,2014-01-18,9.56,2014,1,18,5,8.57,0.9034932207825261,9.188571428571427,1.200000000000001
CUST_0007,1,2014-01-19,14.42,2014,1,19,6,10.780000000000001,3.208925053658931,9.162857142857144,4.859999999999999
CUST_0007,1,2014-01-20,4.3,2014,1,20,0,9.426666666666668,5.0613173515729395,8.851428571428572,-10.120000000000001
CUST_0007,1,2014-01-21,5.9,2014,1,21,1,8.206666666666667,5.440049019386986,8.195714285714285,1.6000000000000005
CUST_0007,1,2014-01-22,6.68,2014,1,22,2,5.626666666666666,1.213315018176778,8.144285714285713,0.7799999999999994
CUST_0007,1,2014-01-23,14.79,2014,1,23,3,9.123333333333333,4.9229496578101735,9.144285714285713,8.11
CUST_0007,1,2014-01-24,4.36,2014,1,24,4,8.61,5.476303497798489,8.572857142857142,-10.43
CUST_0007,1,2014-01-25,0.78,2014,1,25,5,6.6433333333333335,7.278752182437131,7.318571428571429,-3.58
CUST_0007,1,2014-01-26,13.67,2014,1,26,6,6.2700000000000005,6.653878568173601,7.211428571428572,12.89
CUST_0007,1,2014-01-27,6.28,2014,1,27,0,6.91,6.46805225705544,7.494285714285715,-7.39
CUST_0007,1,2014-01-28,1.79,2014,1,28,1,7.246666666666667,5.998702637515324,6.9071428571428575,-4.49
CUST_0007,1,2014-01-29,5.94,2014,1,29,2,4.670000000000001,2.499939999279973,6.801428571428572,4.15
CUST_0007,1,2014-01-30,1.23,2014,1,30,3,2.986666666666667,2.5729425437295084,4.864285714285715,-4.710000000000001
CUST_0008,1,2014-01-01,13.01,2014,1,1,2,13.01,,13.01,
CUST_0008,1,2014-01-02,7.76,2014,1,2,3,10.385,3.7123106012293743,10.385,-5.25
CUST_0008,1,2014-01-03,7.85,2014,1,3,4,9.54,3.00544505855622,9.54,0.08999999999999986
CUST_0008,1,2014-01-04,12.05,2014,1,4,5,9.22,2.451264979556474,10.1675,4.200000000000001
CUST_0008,1,2014-01-05,9.6,2014,1,5,6,9.833333333333334,2.1096998206695985,10.053999999999998,-2.450000000000001
CUST_0008,1,2014-01-06,11.36,2014,1,6,0,11.003333333333332,1.2633421283774786,10.271666666666667,1.7599999999999998
CUST_0008,1,2014-01-07,12.92,2014,1,7,1,11.293333333333331,1.6610037126187704,10.65,1.5600000000000005
CUST_0008,1,2014-01-08,7.59,2014,1,8,2,10.623333333333333,2.740298037318812,9.875714285714285,-5.33
CUST_0008,1,2014-01-09,2.88,2014,1,9,3,7.796666666666666,5.023189557774355,9.178571428571429,-4.71
CUST_0008,1,2014-01-10,8.37,2014,1,10,4,6.28,2.97020201333175,9.252857142857142,5.489999999999999
CUST_0008,1,2014-01-11,9.99,2014,1,11,5,7.080000000000001,3.726405775006257,8.958571428571428,1.620000000000001
CUST_0008,1,2014-01-12,5.96,2014,1,12,6,8.106666666666667,2.027864229511759,8.438571428571429,-4.03
CUST_0008,1,2014-01-13,14.5,2014,1,13,0,10.15,4.2722476519977155,8.887142857142857,8.54
CUST_0008,1,2014-01-14,10.57,2014,1,14,1,10.343333333333334,4.274509718474544,8.551428571428572,-3.9299999999999997
CUST_0008,1,2014-01-15,8.19,2014,1,15,2,11.086666666666666,3.1865707795894527,8.637142857142857,-2.380000000000001
CUST_0008,1,2014-01-16,4.91,2014,1,16,3,7.890000000000001,2.841900772370491,8.927142857142858,-3.2799999999999994
CUST_0008,1,2014-01-17,9.21,2014,1,17,4,7.436666666666667,2.2468051391550015,9.047142857142857,4.300000000000001
CUST_0008,1,2014-01-18,0.78,2014,1,18,5,4.966666666666667,4.215285676360895,7.731428571428572,-8.430000000000001
CUST_0008,1,2014-01-19,13.59,2014,1,19,6,7.859999999999999,6.510829440247993,8.821428571428571,12.81
CUST_0008,1,2014-01-20,2.74,2014,1,20,0,5.703333333333333,6.900002415458514,7.1414285714285715,-10.85
CUST_0008,1,2014-01-21,0.26,2014,1,21,1,5.53,7.089449908138148,5.668571428571428,-2.4800000000000004
CUST_0008,1,2014-01-22,13.33,2014,1,22,2,5.4433333333333325,6.941702480900008,6.402857142857143,13.07
CUST_0008,1,2014-01-23,11.33,2014,1,23,3,8.306666666666667,7.040002367423844,7.319999999999999,-2.0
CUST_0008,1,2014-01-24,13.04,2014,1,24,4,12.566666666666665,1.0807559083036862,7.8671428571428565,1.709999999999999
CUST_0008,1,2014-01-25,4.29,2014,1,25,5,9.553333333333333,4.637675423456597,8.368571428571428,-8.75
CUST_0008,1,2014-01-26,12.36,2014,1,26,6,9.896666666666667,4.867405195104812,8.192857142857141,8.07
CUST_0008,1,2014-01-27,4.17,2014,1,27,0,6.94,4.694241152731715,8.397142857142857,-8.19
CUST_0008,1,2014-01-28,10.11,2014,1,28,1,8.88,4.231276403167251,9.804285714285713,5.9399999999999995
CUST_0008,1,2014-01-29,6.62,2014,1,29,2,6.966666666666666,2.9851353961476046,8.845714285714285,-3.4899999999999993
CUST_0008,1,2014-01-30,2.02,2014,1,30,3,6.249999999999999,4.057671746211118,7.515714285714286,-4.6
CUST_0009,1,2014-01-01,9.06,2014,1,1,2,9.06,,9.06,
CUST_0009,1,2014-01-02,8.93,2014,1,2,3,8.995000000000001,0.09192388155425237,8.995000000000001,-0.13000000000000078
CUST_0009,1,2014-01-03,8.25,2014,1,3,4,8.746666666666668,0.43500957843860655,8.746666666666668,-0.6799999999999997
CUST_0009,1,2014-01-04,1.21,2014,1,4,5,6.129999999999999,4.274388845203489,6.8625,-7.04
CUST_0009,1,2014-01-05,13.32,2014,1,5,6,7.593333333333334,6.081647254924716,8.154,12.11
CUST_0009,1,2014-01-06,3.51,2014,1,6,0,6.013333333333333,6.431409902450111,7.38,-9.81
CUST_0009,1,2014-01-07,0.2,2014,1,7,1,5.676666666666666,6.82308092677592,6.354285714285714,-3.3099999999999996
CUST_0009,1,2014-01-08,0.87,2014,1,8,2,1.5266666666666662,1.7499809522772944,5.184285714285714,0.6699999999999999
CUST_0009,1,2014-01-09,0.71,2014,1,9,3,0.5933333333333327,0.34990474894369533,4.01,-0.16000000000000003
CUST_0009,1,2014-01-10,7.99,2014,1,10,4,3.1899999999999995,4.157691667259612,3.9728571428571433,7.28
CUST_0009,1,2014-01-11,0.18,2014,1,11,5,2.9599999999999995,4.364160858630214,3.825714285714286,-7.8100000000000005
CUST_0009,1,2014-01-12,13.39,2014,1,12,6,7.1866666666666665,6.64153847638733,3.835714285714286,13.21
CUST_0009,1,2014-01-13,14.46,2014,1,13,0,9.343333333333334,7.953693062554862,5.4,1.0700000000000003
CUST_0009,1,2014-01-14,5.46,2014,1,14,1,11.103333333333333,4.916465532609105,6.151428571428572,-9.0
CUST_0009,1,2014-01-15,4.37,2014,1,15,2,8.096666666666666,5.537692058369925,6.651428571428572,-1.0899999999999999
CUST_0009,1,2014-01-16,11.95,2014,1,16,3,7.259999999999999,4.098060516878685,8.257142857142858,7.579999999999999
CUST_0009,1,2014-01-17,6.35,2014,1,17,4,7.556666666666665,3.9314289174972155,8.022857142857143,-5.6
CUST_0009,1,2014-01-18,5.68,2014,1,18,5,7.993333333333332,3.442910590377468,8.808571428571428,-0.6699999999999999
CUST_0009,1,2014-01-19,3.02,2014,1,19,6,5.016666666666666,1.7613157960267471,7.327142857142857,-2.6599999999999997
CUST_0009,1,2014-01-20,11.28,2014,1,20,0,6.659999999999999,4.216301696985166,6.872857142857143,8.26
CUST_0009,1,2014-01-21,13.59,2014,1,21,1,9.296666666666665,5.557106561272091,8.034285714285714,2.3100000000000005
CUST_0009,1,2014-01-22,5.33,2014,1,22,2,10.066666666666665,4.261576390648573,8.171428571428573,-8.26
CUST_0009,1,2014-01-23,5.71,2014,1,23,3,8.209999999999999,4.663089104874577,7.279999999999999,0.3799999999999999
CUST_0009,1,2014-01-24,3.43,2014,1,24,4,4.823333333333333,1.2215290963924392,6.862857142857143,-2.28
CUST_0009,1,2014-01-25,14.26,2014,1,25,5,7.8,5.709492096500353,8.088571428571429,10.83
CUST_0009,1,2014-01-26,14.25,2014,1,26,6,10.646666666666667,6.249818664036046,9.692857142857141,-0.009999999999999787
CUST_0009,1,2014-01-27,0.94,2014,1,27,0,9.816666666666666,7.687420460293121,8.215714285714286,-13.31
CUST_0009,1,2014-01-28,7.85,2014,1,28,1,7.68,6.656628275636247,7.395714285714286,6.91
CUST_0009,1,2014-01-29,13.57,2014,1,29,2,7.453333333333333,6.324336592349693,8.572857142857142,5.720000000000001
CUST_0009,1,2014-01-30,2.01,2014,1,30,3,7.809999999999999,5.780103805296233,8.044285714285715,-11.56
CUST_0010,1,2014-01-01,10.65,2014,1,1,2,10.65,,10.65,
CUST_0010,1,2014-01-02,0.79,2014,1,2,3,5.720000000000001,6.972072862499359,5.720000000000001,-9.86
CUST_0010,1,2014-01-03,2.85,2014,1,3,4,4.763333333333334,5.201012721896894,4.763333333333334,2.06
CUST_0010,1,2014-01-04,14.8,2014,1,4,5,6.146666666666667,7.564458561809518,7.272500000000001,11.950000000000001
CUST_0010,1,2014-01-05,7.14,2014,1,5,6,8.263333333333334,6.053679321977117,7.246,-7.660000000000001
CUST_0010,1,2014-01-06,1.25,2014,1,6,0,7.73,6.7942402077053465,6.246666666666667,-5.89
CUST_0010,1,2014-01-07,7.71,2014,1,7,1,5.366666666666667,3.5765113355521914,6.4557142857142855,6.46
CUST_0010,1,2014-01-08,4.25,2014,1,8,2,4.403333333333333,3.2327284657597395,5.541428571428573,-3.46
CUST_0010,1,2014-01-09,8.9,2014,1,9,3,6.953333333333333,2.4155813654963723,6.700000000000001,4.65
CUST_0010,1,2014-01-10,3.7,2014,1,10,4,5.616666666666667,2.856717230202059,6.821428571428571,-5.2
CUST_0010,1,2014-01-11,2.5,2014,1,11,5,5.033333333333334,3.4019602192461513,5.064285714285714,-1.2000000000000002
CUST_0010,1,2014-01-12,9.5,2014,1,12,6,5.233333333333333,3.743438704364387,5.401428571428572,7.0
CUST_0010,1,2014-01-13,12.81,2014,1,13,0,8.270000000000001,5.263905394286639,7.052857142857143,3.3100000000000005
CUST_0010,1,2014-01-14,4.47,2014,1,14,1,8.926666666666668,4.1994563140165315,6.590000000000001,-8.34
CUST_0010,1,2014-01-15,8.9,2014,1,15,2,8.726666666666667,4.172700963804297,7.2542857142857144,4.430000000000001
CUST_0010,1,2014-01-16,4.14,2014,1,16,3,5.836666666666666,2.658050664177285,6.574285714285715,-4.760000000000001
CUST_0010,1,2014-01-17,3.79,2014,1,17,4,5.609999999999999,2.8545927905745105,6.587142857142857,-0.34999999999999964
CUST_0010,1,2014-01-18,9.43,2014,1,18,5,5.786666666666666,3.160068564656992,7.577142857142857,5.64
CUST_0010,1,2014-01-19,1.13,2014,1,19,6,4.783333333333332,4.238222898023805,6.381428571428572,-8.3
CUST_0010,1,2014-01-20,12.12,2014,1,20,0,7.559999999999999,5.728673493925097,6.282857142857142,10.989999999999998
CUST_0010,1,2014-01-21,1.46,2014,1,21,1,4.903333333333332,6.251994348472597,5.852857142857142,-10.66
CUST_0010,1,2014-01-22,1.84,2014,1,22,2,5.14,6.047842590544167,4.844285714285713,0.3800000000000001
CUST_0010,1,2014-01-23,1.34,2014,1,23,3,1.5466666666666657,0.2610236260059798,4.444285714285714,-0.5
CUST_0010,1,2014-01-24,14.45,2014,1,24,4,5.876666666666665,7.428932179885162,5.967142857142856,13.11
CUST_0010,1,2014-01-25,13.36,2014,1,25,5,9.716666666666665,7.274849368429103,6.528571428571429,-1.0899999999999999
CUST_0010,1,2014-01-26,10.91,2014,1,26,6,12.906666666666666,1.8130177421452094,7.925714285714285,-2.4499999999999993
CUST_0010,1,2014-01-27,12.98,2014,1,27,0,12.416666666666666,1.318572460403036,8.04857142857143,2.0700000000000003
CUST_0010,1,2014-01-28,11.61,2014,1,28,1,11.833333333333334,1.0529165842237074,9.498571428571427,-1.370000000000001
CUST_0010,1,2014-01-29,5.29,2014,1,29,2,9.959999999999999,4.101938566092865,9.991428571428571,-6.319999999999999
CUST_0010,1,2014-01-30,2.36,2014,1,30,3,6.419999999999998,4.727398861953579,10.137142857142859,-2.93
CUST_0011,1,2014-01-01,0.41,2014,1,1,2,0.41,,0.41,
CUST_0011,1,2014-01-02,9.15,2014,1,2,3,4.78,6.180113267570426,4.78,8.74
CUST_0011,1,2014-01-03,14.55,2014,1,3,4,8.036666666666667,7.135442055915901,8.036666666666667,5.4
CUST_0011,1,2014-01-04,11.61,2014,1,4,5,11.770000000000001,2.70355321752689,8.93,-2.9400000000000013
CUST_0011,1,2014-01-05,1.88,2014,1,5,6,9.346666666666668,6.631307060703293,7.5200000000000005,-9.73
CUST_0011,1,2014-01-06,4.42,2014,1,6,0,5.97,5.046791059673465,7.003333333333334,2.54
CUST_0011,1,2014-01-07,6.32,2014,1,7,1,4.206666666666667,2.227674422650976,6.905714285714287,1.9000000000000004
CUST_0011,1,2014-01-08,13.63,2014,1,8,2,8.123333333333333,4.862615894077317,8.794285714285715,7.3100000000000005
CUST_0011,1,2014-01-09,10.2,2014,1,9,3,10.049999999999999,3.657307752978959,8.944285714285714,-3.4300000000000015
CUST_0011,1,2014-01-10,1.49,2014,1,10,4,8.44,6.258442298208078,7.078571428571429,-8.709999999999999
CUST_0011,1,2014-01-11,8.28,2014,1,11,5,6.656666666666666,4.576290346266651,6.602857142857142,6.789999999999999
CUST_0011,1,2014-01-12,11.94,2014,1,12,6,7.236666666666667,5.302549701165783,8.040000000000001,3.66
CUST_0011,1,2014-01-13,4.49,2014,1,13,0,8.236666666666666,3.7251890332348685,8.049999999999999,-7.449999999999999
CUST_0011,1,2014-01-14,12.16,2014,1,14,1,9.53,4.36615391391554,8.884285714285713,7.67
CUST_0011,1,2014-01-15,0.55,2014,1,15,2,5.733333333333333,5.904018405572035,7.015714285714286,-11.61
CUST_0011,1,2014-01-16,6.64,2014,1,16,3,6.45,5.807331573106535,6.507142857142857,6.09
CUST_0011,1,2014-01-17,5.4,2014,1,17,4,4.196666666666666,3.218389866584434,7.065714285714285,-1.2399999999999993
CUST_0011,1,2014-01-18,7.6,2014,1,18,5,6.546666666666667,1.1029656990737957,6.968571428571428,2.1999999999999993
CUST_0011,1,2014-01-19,1.6,2014,1,19,6,4.866666666666666,3.035347316755261,5.491428571428571,-6.0
CUST_0011,1,2014-01-20,14.86,2014,1,20,0,8.02,6.639969879449755,6.972857142857143,13.26
CUST_0011,1,2014-01-21,4.86,2014,1,21,1,7.1066666666666665,6.909597190381892,5.93,-10.0
CUST_0011,1,2014-01-22,2.23,2014,1,22,2,7.316666666666666,6.6637551975844165,6.170000000000001,-2.6300000000000003
CUST_0011,1,2014-01-23,11.68,2014,1,23,3,6.256666666666667,4.877359258177865,6.890000000000001,9.45
CUST_0011,1,2014-01-24,0.28,2014,1,24,4,4.7299999999999995,6.097335483635455,6.1585714285714275,-11.4
CUST_0011,1,2014-01-25,6.89,2014,1,25,5,6.283333333333334,5.724162238558,6.057142857142857,6.609999999999999
CUST_0011,1,2014-01-26,9.24,2014,1,26,6,5.47,4.64571845896843,7.148571428571429,2.3500000000000005
CUST_0011,1,2014-01-27,12.21,2014,1,27,0,9.446666666666667,2.6660145035864544,6.7700000000000005,2.9700000000000006
CUST_0011,1,2014-01-28,7.85,2014,1,28,1,9.766666666666667,2.227203029212498,7.1971428571428575,-4.360000000000001
CUST_0011,1,2014-01-29,7.76,2014,1,29,2,9.273333333333333,2.5436260207297234,7.987142857142857,-0.08999999999999986
CUST_0011,1,2014-01-30,2.17,2014,1,30,3,5.926666666666667,3.2536799678722743,6.628571428571429,-5.59
CUST_0012,1,2014-01-01,14.55,2014,1,1,2,14.55,,14.55,
CUST_0012,1,2014-01-02,2.64,2014,1,2,3,8.595,8.421641763931781,8.595,-11.91
CUST_0012,1,2014-01-03,11.65,2014,1,3,4,9.613333333333335,6.210719228344922,9.613333333333335,9.01
CUST_0012,1,2014-01-04,3.06,2014,1,4,5,5.783333333333334,5.085020485045594,7.9750000000000005,-8.59
CUST_0012,1,2014-01-05,10.73,2014,1,5,6,8.48,4.716343922997982,8.526,7.67
CUST_0012,1,2014-01-06,2.5,2014,1,6,0,5.43,4.598467135905181,7.521666666666667,-8.23
CUST_0012,1,2014-01-07,3.41,2014,1,7,1,5.546666666666667,4.511899082795773,6.934285714285715,0.9100000000000001
CUST_0012,1,2014-01-08,3.67,2014,1,8,2,3.1933333333333334,0.6143560314128398,5.380000000000001,0.2599999999999998
CUST_0012,1,2014-01-09,0.35,2014,1,9,3,2.4766666666666666,1.8463296924800119,5.052857142857143,-3.32
CUST_0012,1,2014-01-10,13.47,2014,1,10,4,5.830000000000001,6.821495437219026,5.312857142857142,13.120000000000001
CUST_0012,1,2014-01-11,10.41,2014,1,11,5,8.076666666666666,6.864177542381412,6.362857142857144,-3.0600000000000005
CUST_0012,1,2014-01-12,7.59,2014,1,12,6,10.49,2.940816213230601,5.914285714285714,-2.8200000000000003
CUST_0012,1,2014-01-13,5.84,2014,1,13,0,7.946666666666666,2.3057825858769303,6.3914285714285715,-1.75
CUST_0012,1,2014-01-14,12.17,2014,1,14,1,8.533333333333333,3.2687357392932976,7.642857142857143,6.33
CUST_0012,1,2014-01-15,0.66,2014,1,15,2,6.223333333333333,5.764567055151089,7.2128571428571435,-11.51
CUST_0012,1,2014-01-16,1.27,2014,1,16,3,4.7,6.476395602493717,7.344285714285715,0.61
CUST_0012,1,2014-01-17,11.39,2014,1,17,4,4.44,6.026599372780637,7.047142857142857,10.120000000000001
CUST_0012,1,2014-01-18,12.86,2014,1,18,5,8.506666666666666,6.310089803904006,7.397142857142858,1.4699999999999989
CUST_0012,1,2014-01-19,0.37,2014,1,19,6,8.206666666666667,6.826436356792122,6.365714285714286,-12.49
CUST_0012,1,2014-01-20,6.25,2014,1,20,0,6.493333333333333,6.248554499508931,6.424285714285714,5.88
CUST_0012,1,2014-01-21,14.26,2014,1,21,1,6.96,6.972166090964843,6.722857142857142,8.01
CUST_0012,1,2014-01-22,11.45,2014,1,22,2,10.653333333333332,4.06399229001893,8.264285714285714,-2.8100000000000005
CUST_0012,1,2014-01-23,8.42,2014,1,23,3,11.376666666666665,2.920690557613611,9.285714285714286,-3.0299999999999994
CUST_0012,1,2014-01-24,14.55,2014,1,24,4,11.473333333333334,3.0650666115654497,9.737142857142857,6.130000000000001
CUST_0012,1,2014-01-25,9.34,2014,1,25,5,10.770000000000001,3.3057374366395123,9.234285714285715,-5.210000000000001
CUST_0012,1,2014-01-26,6.33,2014,1,26,6,10.073333333333332,4.158777865350987,10.085714285714287,-3.01
CUST_0012,1,2014-01-27,15.0,2014,1,27,0,10.223333333333334,4.401980614829341,11.335714285714287,8.67
CUST_0012,1,2014-01-28,12.8,2014,1,28,1,11.376666666666667,4.50684294527037,11.127142857142857,-2.1999999999999993
CUST_0012,1,2014-01-29,11.78,2014,1,29,2,13.193333333333333,1.645640706027077,11.174285714285714,-1.0200000000000014
CUST_0012,1,2014-01-30,9.65,2014,1,30,3,11.410000000000002,1.6072647572817527,11.349999999999998,-2.129999999999999
CUST_0013,1,2014-01-01,12.5,2014,1,1,2,12.5,,12.5,
CUST_0013,1,2014-01-02,1.07,2014,1,2,3,6.785,8.082230508962239,6.785,-11.43
CUST_0013,1,2014-01-03,14.1,2014,1,3,4,9.223333333333334,7.106168681739362,9.223333333333334,13.03
CUST_0013,1,2014-01-04,0.18,2014,1,4,5,5.116666666666666,7.792511362412848,6.9625,-13.92
CUST_0013,1,2014-01-05,11.44,2014,1,5,6,8.573333333333332,7.389515094600819,7.858,11.26
CUST_0013,1,2014-01-06,13.95,2014,1,6,0,8.523333333333333,7.3337189292563805,8.873333333333333,2.51
CUST_0013,1,2014-01-07,1.89,2014,1,7,1,9.093333333333332,6.3632565038141715,7.8757142857142854,-12.059999999999999
CUST_0013,1,2014-01-08,2.26,2014,1,8,2,6.033333333333332,6.858529968829569,6.412857142857143,0.3699999999999999
CUST_0013,1,2014-01-09,7.73,2014,1,9,3,3.9599999999999995,3.27015290162402,7.364285714285714,5.470000000000001
CUST_0013,1,2014-01-10,13.52,2014,1,10,4,7.836666666666666,5.630757793879377,7.281428571428571,5.789999999999999
CUST_0013,1,2014-01-11,9.81,2014,1,11,5,10.353333333333333,2.932990510269914,8.657142857142857,-3.709999999999999
CUST_0013,1,2014-01-12,8.7,2014,1,12,6,10.676666666666668,2.524169830525152,8.265714285714285,-1.1100000000000012
CUST_0013,1,2014-01-13,12.78,2014,1,13,0,10.43,2.109478608566591,8.098571428571429,4.08
CUST_0013,1,2014-01-14,13.02,2014,1,14,1,11.5,2.427838544878974,9.688571428571427,0.2400000000000002
CUST_0013,1,2014-01-15,12.36,2014,1,15,2,12.719999999999999,0.33406586176989517,11.13142857142857,-0.6600000000000001
CUST_0013,1,2014-01-16,0.48,2014,1,16,3,8.62,7.0571665702319955,10.095714285714283,-11.879999999999999
CUST_0013,1,2014-01-17,0.31,2014,1,17,4,4.383333333333333,6.908518895778843,8.208571428571428,-0.16999999999999998
CUST_0013,1,2014-01-18,9.91,2014,1,18,5,3.5666666666666664,5.494145368784242,8.222857142857142,9.6
CUST_0013,1,2014-01-19,1.51,2014,1,19,6,3.9099999999999997,5.230678732248808,7.195714285714286,-8.4
CUST_0013,1,2014-01-20,5.64,2014,1,20,0,5.6866666666666665,4.200194439943625,6.175714285714286,4.13
CUST_0013,1,2014-01-21,14.26,2014,1,21,1,7.136666666666667,6.5054310643748545,6.352857142857142,8.620000000000001
CUST_0013,1,2014-01-22,9.31,2014,1,22,2,9.736666666666666,4.3258101360708565,5.917142857142857,-4.949999999999999
CUST_0013,1,2014-01-23,6.42,2014,1,23,3,9.996666666666668,3.9648497239281797,6.765714285714286,-2.8900000000000006
CUST_0013,1,2014-01-24,0.74,2014,1,24,4,5.489999999999999,4.360034403533991,6.827142857142857,-5.68
CUST_0013,1,2014-01-25,4.23,2014,1,25,5,3.796666666666667,2.864687301143586,6.015714285714286,3.49
CUST_0013,1,2014-01-26,14.0,2014,1,26,6,6.323333333333333,6.873385871121548,7.8,9.77
CUST_0013,1,2014-01-27,14.95,2014,1,27,0,11.06,5.933995281427177,9.129999999999999,0.9499999999999993
CUST_0013,1,2014-01-28,8.32,2014,1,28,1,12.423333333333332,3.5851964148890567,8.281428571428572,-6.629999999999999
CUST_0013,1,2014-01-29,6.01,2014,1,29,2,9.76,4.640700378175691,7.8100000000000005,-2.3100000000000005
CUST_0013,1,2014-01-30,2.81,2014,1,30,3,5.713333333333334,2.7669538003612044,7.294285714285714,-3.1999999999999997
CUST_0014,1,2014-01-01,3.26,2014,1,1,2,3.26,,3.26,
CUST_0014,1,2014-01-02,14.24,2014,1,2,3,8.75,7.764032457428292,8.75,10.98
CUST_0014,1,2014-01-03,13.43,2014,1,3,4,10.31,6.118896959420056,10.31,-0.8100000000000005
CUST_0014,1,2014-01-04,12.25,2014,1,4,5,13.306666666666667,1.0007164100449881,10.795,-1.1799999999999997
CUST_0014,1,2014-01-05,8.46,2014,1,5,6,11.38,2.5967094562156916,10.328,-3.789999999999999
CUST_0014,1,2014-01-06,12.14,2014,1,6,0,10.950000000000001,2.1571045408139113,10.63,3.6799999999999997
CUST_0014,1,2014-01-07,5.13,2014,1,7,1,8.576666666666666,3.5064559505764983,9.844285714285714,-7.010000000000001
CUST_0014,1,2014-01-08,7.39,2014,1,8,2,8.22,3.577946338334325,10.434285714285712,2.26
CUST_0014,1,2014-01-09,3.47,2014,1,9,3,5.33,1.967638178121172,8.895714285714286,-3.9199999999999995
CUST_0014,1,2014-01-10,9.53,2014,1,10,4,6.796666666666667,3.0732610259028337,8.338571428571429,6.059999999999999
CUST_0014,1,2014-01-11,3.44,2014,1,11,5,5.48,3.5074349601952712,7.08,-6.09
CUST_0014,1,2014-01-12,7.44,2014,1,12,6,6.803333333333334,3.0945166558500437,6.934285714285714,4.0
CUST_0014,1,2014-01-13,4.82,2014,1,13,0,5.233333333333333,2.0317808280750507,5.888571428571429,-2.62
CUST_0014,1,2014-01-14,13.71,2014,1,14,1,8.656666666666668,4.568176149551738,7.114285714285714,8.89
CUST_0014,1,2014-01-15,5.47,2014,1,15,2,8.0,4.95567351628414,6.839999999999999,-8.240000000000002
CUST_0014,1,2014-01-16,14.44,2014,1,16,3,11.206666666666669,4.981489067872513,8.407142857142857,8.969999999999999
CUST_0014,1,2014-01-17,1.83,2014,1,17,4,7.246666666666667,6.490025680483347,7.307142857142857,-12.61
CUST_0014,1,2014-01-18,2.53,2014,1,18,5,6.266666666666667,7.0869622076975505,7.177142857142857,0.6999999999999997
CUST_0014,1,2014-01-19,10.28,2014,1,19,6,4.88,4.689616188986047,7.582857142857143,7.75
CUST_0014,1,2014-01-20,11.67,2014,1,20,0,8.159999999999998,4.9250076142073125,8.561428571428571,1.3900000000000006
CUST_0014,1,2014-01-21,8.64,2014,1,21,1,10.196666666666665,1.5167179478509942,7.837142857142857,-3.0299999999999994
CUST_0014,1,2014-01-22,1.61,2014,1,22,2,7.3066666666666675,5.16083649550471,7.285714285714286,-7.03
CUST_0014,1,2014-01-23,13.6,2014,1,23,3,7.95,6.024707461777709,7.165714285714286,11.99
CUST_0014,1,2014-01-24,13.38,2014,1,24,4,9.53,6.859803204174301,8.815714285714284,-0.21999999999999886
CUST_0014,1,2014-01-25,2.9,2014,1,25,5,9.959999999999999,6.115128780328343,8.868571428571428,-10.48
CUST_0014,1,2014-01-26,13.0,2014,1,26,6,9.76,5.943971736137379,9.257142857142856,10.1
CUST_0014,1,2014-01-27,8.38,2014,1,27,0,8.093333333333334,5.056098627730014,8.787142857142857,-4.619999999999999
CUST_0014,1,2014-01-28,8.46,2014,1,28,1,9.946666666666667,2.6445667572086977,8.76142857142857,0.08000000000000007
CUST_0014,1,2014-01-29,9.37,2014,1,29,2,8.736666666666666,0.5499393905998455,9.870000000000001,0.9099999999999984
CUST_0014,1,2014-01-30,5.25,2014,1,30,3,7.6933333333333325,2.16435517726027,8.677142857142858,-4.119999999999999
CUST_0015,1,2014-01-01,2.81,2014,1,1,2,2.81,,2.81,
CUST_0015,1,2014-01-02,14.49,2014,1,2,3,8.65,8.259007204258875,8.65,11.68
CUST_0015,1,2014-01-03,9.01,2014,1,3,4,8.770000000000001,5.843697459656856,8.770000000000001,-5.48
CUST_0015,1,2014-01-04,10.63,2014,1,4,5,11.376666666666667,2.815267897258329,9.235,1.620000000000001
CUST_0015,1,2014-01-05,11.59,2014,1,5,6,10.41,1.3039938650162428,9.706,0.9599999999999991
CUST_0015,1,2014-01-06,9.54,2014,1,6,0,10.586666666666666,1.0256867618007617,9.678333333333333,-2.0500000000000007
CUST_0015,1,2014-01-07,14.15,2014,1,7,1,11.76,2.3096969498183104,10.317142857142857,4.610000000000001
CUST_0015,1,2014-01-08,14.79,2014,1,8,2,12.826666666666666,2.8642683766248838,12.028571428571428,0.6399999999999988
CUST_0015,1,2014-01-09,9.71,2014,1,9,3,12.883333333333333,2.7667550186695857,11.345714285714285,-5.079999999999998
CUST_0015,1,2014-01-10,5.15,2014,1,10,4,9.883333333333335,4.822336916198754,10.794285714285715,-4.5600000000000005
CUST_0015,1,2014-01-11,10.71,2014,1,11,5,8.523333333333333,2.9638713422369247,10.805714285714286,5.5600000000000005
CUST_0015,1,2014-01-12,3.01,2014,1,12,6,6.29,3.9745691590410104,9.58,-7.700000000000001
CUST_0015,1,2014-01-13,2.63,2014,1,13,0,5.45,4.559254324996574,8.592857142857143,-0.3799999999999999
CUST_0015,1,2014-01-14,7.72,2014,1,14,1,4.453333333333333,2.835389450028564,7.674285714285714,5.09
CUST_0015,1,2014-01-15,1.99,2014,1,15,2,4.113333333333333,3.139814219557151,5.845714285714286,-5.7299999999999995
CUST_0015,1,2014-01-16,12.56,2014,1,16,3,7.423333333333335,5.291241190243864,6.252857142857144,10.57
CUST_0015,1,2014-01-17,0.79,2014,1,17,4,5.113333333333333,6.476853660021454,5.630000000000001,-11.77
CUST_0015,1,2014-01-18,1.15,2014,1,18,5,4.833333333333333,6.69391016770716,4.264285714285714,0.3599999999999999
CUST_0015,1,2014-01-19,1.16,2014,1,19,6,1.0333333333333332,0.21079215671672027,4.000000000000001,0.010000000000000009
CUST_0015,1,2014-01-20,5.18,2014,1,20,0,2.4966666666666666,2.3238402125217834,4.364285714285714,4.02
CUST_0015,1,2014-01-21,9.51,2014,1,21,1,5.283333333333333,4.175958971701385,4.62,4.33
CUST_0015,1,2014-01-22,1.35,2014,1,22,2,5.346666666666667,4.082552306258095,4.528571428571429,-8.16
CUST_0015,1,2014-01-23,1.76,2014,1,23,3,4.206666666666666,4.597394189465734,2.9857142857142853,0.4099999999999999
CUST_0015,1,2014-01-24,7.96,2014,1,24,4,3.69,3.703606350572366,4.01,6.2
CUST_0015,1,2014-01-25,7.01,2014,1,25,5,5.576666666666667,3.3392863509039317,4.847142857142857,-0.9500000000000002
CUST_0015,1,2014-01-26,0.77,2014,1,26,6,5.246666666666667,3.905897250739361,4.791428571428571,-6.24
CUST_0015,1,2014-01-27,11.56,2014,1,27,0,6.446666666666666,5.417013322240707,5.702857142857143,10.790000000000001
CUST_0015,1,2014-01-28,13.16,2014,1,28,1,8.496666666666668,6.739141884048243,6.224285714285714,1.5999999999999996
CUST_0015,1,2014-01-29,12.95,2014,1,29,2,12.556666666666667,0.8695017730478215,7.881428571428572,-0.21000000000000085
CUST_0015,1,2014-01-30,13.46,2014,1,30,3,13.19,0.2563201123594734,9.552857142857144,0.5100000000000016
CUST_0016,1,2014-01-01,2.83,2014,1,1,2,2.83,,2.83,
CUST_0016,1,2014-01-02,12.15,2014,1,2,3,7.49,6.590235200658623,7.49,9.32
CUST_0016,1,2014-01-03,13.84,2014,1,3,4,9.606666666666667,5.929286072819672,9.606666666666667,1.6899999999999995
CUST_0016,1,2014-01-04,10.96,2014,1,4,5,12.316666666666668,1.447215717622403,9.945,-2.879999999999999
CUST_0016,1,2014-01-05,7.46,2014,1,5,6,10.753333333333332,3.1950169535283117,9.448,-3.500000000000001
CUST_0016,1,2014-01-06,13.08,2014,1,6,0,10.5,2.838097954616789,10.053333333333333,5.62
CUST_0016,1,2014-01-07,4.92,2014,1,7,1,8.486666666666666,4.175755420679392,9.319999999999999,-8.16
CUST_0016,1,2014-01-08,3.71,2014,1,8,2,7.2366666666666655,5.096511879053489,9.445714285714287,-1.21
CUST_0016,1,2014-01-09,2.7,2014,1,9,3,3.776666666666667,1.1115004873293244,8.095714285714285,-1.0099999999999998
CUST_0016,1,2014-01-10,5.3,2014,1,10,4,3.9033333333333338,1.3107377057723357,6.875714285714286,2.5999999999999996
CUST_0016,1,2014-01-11,3.64,2014,1,11,5,3.8799999999999994,1.3165105392665843,5.83,-1.6599999999999997
CUST_0016,1,2014-01-12,10.86,2014,1,12,6,6.599999999999999,3.7814811912794166,6.315714285714285,7.219999999999999
CUST_0016,1,2014-01-13,8.4,2014,1,13,0,7.633333333333333,3.670549459322586,5.647142857142858,-2.459999999999999
CUST_0016,1,2014-01-14,7.57,2014,1,14,1,8.943333333333333,1.710974381261545,6.025714285714286,-0.8300000000000001
CUST_0016,1,2014-01-15,7.88,2014,1,15,2,7.95,0.41940433951020917,6.621428571428571,0.3099999999999996
CUST_0016,1,2014-01-16,10.47,2014,1,16,3,8.64,1.5923881436383518,7.731428571428572,2.5900000000000007
CUST_0016,1,2014-01-17,0.71,2014,1,17,4,6.353333333333333,5.055930511125853,7.075714285714285,-9.760000000000002
CUST_0016,1,2014-01-18,9.67,2014,1,18,5,6.95,5.418782151000352,7.937142857142857,8.96
CUST_0016,1,2014-01-19,4.85,2014,1,19,6,5.076666666666666,4.484298533029812,7.078571428571429,-4.82
CUST_0016,1,2014-01-20,13.97,2014,1,20,0,9.496666666666668,4.562470091226171,7.874285714285714,9.120000000000001
CUST_0016,1,2014-01-21,6.78,2014,1,21,1,8.533333333333333,4.806166178289443,7.761428571428572,-7.19
CUST_0016,1,2014-01-22,10.54,2014,1,22,2,10.43,3.5962619481900946,8.141428571428571,3.759999999999999
CUST_0016,1,2014-01-23,7.44,2014,1,23,3,8.253333333333332,2.007618821722227,7.708571428571427,-3.0999999999999988
CUST_0016,1,2014-01-24,14.9,2014,1,24,4,10.959999999999999,3.7476926234684735,9.735714285714286,7.46
CUST_0016,1,2014-01-25,5.36,2014,1,25,5,9.233333333333333,5.016466219694233,9.120000000000001,-9.54
CUST_0016,1,2014-01-26,0.49,2014,1,26,6,6.916666666666665,7.330036380082526,8.497142857142856,-4.87
CUST_0016,1,2014-01-27,14.18,2014,1,27,0,6.676666666666665,6.939325135294739,8.527142857142858,13.69
CUST_0016,1,2014-01-28,6.11,2014,1,28,1,6.926666666666666,6.881441225014811,8.43142857142857,-8.07
CUST_0016,1,2014-01-29,14.25,2014,1,29,2,11.51333333333333,4.67955482213141,8.961428571428572,8.14
CUST_0016,1,2014-01-30,7.16,2014,1,30,3,9.173333333333332,4.4277571448006645,8.921428571428573,-7.09
CUST_0017,1,2014-01-01,4.63,2014,1,1,2,4.63,,4.63,
CUST_0017,1,2014-01-02,4.64,2014,1,2,3,4.635,0.007071067811865324,4.635,0.009999999999999787
CUST_0017,1,2014-01-03,1.42,2014,1,3,4,3.563333333333333,1.85618784968907,3.563333333333333,-3.2199999999999998
CUST_0017,1,2014-01-04,11.59,2014,1,4,5,5.883333333333333,5.197752719525365,5.57,10.17
CUST_0017,1,2014-01-05,7.89,2014,1,5,6,6.966666666666666,5.147488060533345,6.034,-3.7
CUST_0017,1,2014-01-06,12.07,2014,1,6,0,10.516666666666667,2.2873856984193432,7.039999999999999,4.180000000000001
CUST_0017,1,2014-01-07,7.83,2014,1,7,1,9.263333333333334,2.4308297623102573,7.152857142857143,-4.24
CUST_0017,1,2014-01-08,10.11,2014,1,8,2,10.003333333333332,2.122011624222013,7.935714285714285,2.2799999999999994
CUST_0017,1,2014-01-09,10.39,2014,1,9,3,9.443333333333333,1.4041842234312925,8.757142857142856,0.28000000000000114
CUST_0017,1,2014-01-10,10.92,2014,1,10,4,10.473333333333334,0.41137979208189385,10.114285714285714,0.5299999999999994
CUST_0017,1,2014-01-11,4.95,2014,1,11,5,8.753333333333334,3.304426324391776,9.165714285714285,-5.97
CUST_0017,1,2014-01-12,4.28,2014,1,12,6,6.716666666666666,3.655575650062975,8.65,-0.6699999999999999
CUST_0017,1,2014-01-13,14.05,2014,1,13,0,7.760000000000001,5.4575910436748565,8.932857142857143,9.77
CUST_0017,1,2014-01-14,11.99,2014,1,14,1,10.106666666666667,5.1500906140895575,9.527142857142858,-2.0600000000000005
CUST_0017,1,2014-01-15,11.57,2014,1,15,2,12.536666666666667,1.3273030299571231,9.735714285714286,-0.41999999999999993
CUST_0017,1,2014-01-16,6.19,2014,1,16,3,9.916666666666666,3.234212938774029,9.135714285714286,-5.38
CUST_0017,1,2014-01-17,12.85,2014,1,17,4,10.203333333333333,3.534081681757419,9.411428571428571,6.659999999999999
CUST_0017,1,2014-01-18,0.5,2014,1,18,5,6.513333333333333,6.18134559245261,8.775714285714287,-12.35
CUST_0017,1,2014-01-19,12.69,2014,1,19,6,8.68,7.084539505147811,9.977142857142857,12.19
CUST_0017,1,2014-01-20,12.89,2014,1,20,0,8.693333333333333,7.096339431941889,9.811428571428573,0.20000000000000107
CUST_0017,1,2014-01-21,4.47,2014,1,21,1,10.016666666666667,4.804595022822772,8.737142857142858,-8.420000000000002
CUST_0017,1,2014-01-22,1.18,2014,1,22,2,6.18,6.039379107159941,7.252857142857144,-3.29
CUST_0017,1,2014-01-23,0.27,2014,1,23,3,1.9733333333333334,2.20953237888321,6.407142857142857,-0.9099999999999999
CUST_0017,1,2014-01-24,1.2,2014,1,24,4,0.8833333333333333,0.5312563725107601,4.742857142857143,0.9299999999999999
CUST_0017,1,2014-01-25,8.8,2014,1,25,5,3.423333333333334,4.679490713029924,5.928571428571429,7.6000000000000005
CUST_0017,1,2014-01-26,5.71,2014,1,26,6,5.236666666666667,3.822045700058193,4.9314285714285715,-3.0900000000000007
CUST_0017,1,2014-01-27,12.76,2014,1,27,0,9.090000000000002,3.5339354832820606,4.912857142857143,7.05
CUST_0017,1,2014-01-28,2.1,2014,1,28,1,6.8566666666666665,5.421718669696292,4.574285714285714,-10.66
CUST_0017,1,2014-01-29,2.29,2014,1,29,2,5.716666666666666,6.100445338934963,4.732857142857142,0.18999999999999995
CUST_0017,1,2014-01-30,10.05,2014,1,30,3,4.813333333333334,4.53608127499203,6.130000000000001,7.760000000000001
CUST_0018,1,2014-01-01,7.92,2014,1,1,2,7.92,,7.92,
CUST_0018,1,2014-01-02,1.56,2014,1,2,3,4.74,4.497199128346442,4.74,-6.359999999999999
CUST_0018,1,2014-01-03,3.02,2014,1,3,4,4.166666666666667,3.3314461324375833,4.166666666666667,1.46
CUST_0018,1,2014-01-04,1.2,2014,1,4,5,1.9266666666666667,0.9638118765263972,3.425,-1.82
CUST_0018,1,2014-01-05,6.47,2014,1,5,6,3.563333333333334,2.676683271015331,4.034000000000001,5.27
CUST_0018,1,2014-01-06,2.88,2014,1,6,0,3.516666666666667,2.6920685974419993,3.841666666666667,-3.59
CUST_0018,1,2014-01-07,10.57,2014,1,7,1,6.640000000000001,3.8478175632428315,4.802857142857143,7.69
CUST_0018,1,2014-01-08,11.45,2014,1,8,2,8.299999999999999,4.714435279012748,5.307142857142857,0.879999999999999
CUST_0018,1,2014-01-09,5.86,2014,1,9,3,9.293333333333335,3.0057334102234248,5.921428571428572,-5.589999999999999
CUST_0018,1,2014-01-10,13.47,2014,1,10,4,10.26,3.9420933525222366,7.4142857142857155,7.61
CUST_0018,1,2014-01-11,11.22,2014,1,11,5,10.183333333333335,3.909479931312264,8.845714285714285,-2.25
CUST_0018,1,2014-01-12,0.46,2014,1,12,6,8.383333333333335,6.9534188233798595,7.9871428571428575,-10.76
CUST_0018,1,2014-01-13,10.47,2014,1,13,0,7.383333333333334,6.007498092661649,9.071428571428573,10.01
CUST_0018,1,2014-01-14,9.78,2014,1,14,1,6.903333333333333,5.590745328964051,8.95857142857143,-0.6900000000000013
CUST_0018,1,2014-01-15,3.32,2014,1,15,2,7.8566666666666665,3.9439869844274775,7.797142857142858,-6.459999999999999
CUST_0018,1,2014-01-16,2.68,2014,1,16,3,5.26,3.9274928389495525,7.342857142857143,-0.6399999999999997
CUST_0018,1,2014-01-17,10.58,2014,1,17,4,5.526666666666666,4.387998784563797,6.930000000000001,7.9
CUST_0018,1,2014-01-18,8.83,2014,1,18,5,7.363333333333333,4.149196709404527,6.588571428571428,-1.75
CUST_0018,1,2014-01-19,0.45,2014,1,19,6,6.62,5.414545225593746,6.587142857142857,-8.38
CUST_0018,1,2014-01-20,6.49,2014,1,20,0,5.256666666666667,4.323995066293827,6.018571428571429,6.04
CUST_0018,1,2014-01-21,5.0,2014,1,21,1,3.9800000000000004,3.1465377798462915,5.335714285714286,-1.4900000000000002
CUST_0018,1,2014-01-22,12.35,2014,1,22,2,7.946666666666666,3.885490102076359,6.6257142857142854,7.35
CUST_0018,1,2014-01-23,7.08,2014,1,23,3,8.143333333333333,3.7886189216300648,7.2542857142857144,-5.27
CUST_0018,1,2014-01-24,8.35,2014,1,24,4,9.26,2.7503272532555134,6.935714285714285,1.2699999999999996
CUST_0018,1,2014-01-25,1.26,2014,1,25,5,5.5633333333333335,3.7805070206697633,5.854285714285715,-7.09
CUST_0018,1,2014-01-26,12.18,2014,1,26,6,7.263333333333333,5.540508400258352,7.53,10.92
CUST_0018,1,2014-01-27,3.79,2014,1,27,0,5.743333333333333,5.7160505012931235,7.144285714285714,-8.39
CUST_0018,1,2014-01-28,0.53,2014,1,28,1,5.5,6.010299493369697,6.505714285714285,-3.26
CUST_0018,1,2014-01-29,13.91,2014,1,29,2,6.076666666666667,6.976942979079976,6.728571428571428,13.38
CUST_0018,1,2014-01-30,2.67,2014,1,30,3,5.703333333333333,7.187275793604512,6.098571428571428,-11.24
CUST_0019,1,2014-01-01,6.54,2014,1,1,2,6.54,,6.54,
CUST_0019,1,2014-01-02,10.3,2014,1,2,3,8.42,2.6587214972614195,8.42,3.7600000000000007
CUST_0019,1,2014-01-03,0.77,2014,1,3,4,5.87,4.800197912586522,5.87,-9.530000000000001
CUST_0019,1,2014-01-04,5.44,2014,1,4,5,5.503333333333334,4.765315659359129,5.7625,4.67
CUST_0019,1,2014-01-05,0.48,2014,1,5,6,2.2300000000000004,2.7837205319500002,4.706,-4.960000000000001
CUST_0019,1,2014-01-06,13.4,2014,1,6,0,6.44,6.517791036846763,6.155,12.92
CUST_0019,1,2014-01-07,5.52,2014,1,7,1,6.466666666666666,6.511814903184314,6.064285714285715,-7.880000000000001
CUST_0019,1,2014-01-08,3.64,2014,1,8,2,7.52,5.1782622567807435,5.65,-1.8799999999999994
CUST_0019,1,2014-01-09,14.06,2014,1,9,3,7.739999999999999,5.5534133647694555,6.187142857142858,10.42
CUST_0019,1,2014-01-10,13.32,2014,1,10,4,10.340000000000002,5.814155140688972,7.9799999999999995,-0.7400000000000002
CUST_0019,1,2014-01-11,9.78,2014,1,11,5,12.386666666666665,2.2875605638612817,8.6,-3.540000000000001
CUST_0019,1,2014-01-12,9.72,2014,1,12,6,10.94,2.061358775177192,9.92,-0.05999999999999872
CUST_0019,1,2014-01-13,8.59,2014,1,13,0,9.363333333333332,0.6703978918025852,9.232857142857142,-1.1300000000000008
CUST_0019,1,2014-01-14,10.56,2014,1,14,1,9.623333333333333,0.9885511283354799,9.952857142857143,1.9700000000000006
CUST_0019,1,2014-01-15,9.38,2014,1,15,2,9.51,0.9914131328563374,10.772857142857143,-1.1799999999999997
CUST_0019,1,2014-01-16,2.43,2014,1,16,3,7.456666666666668,4.393020980297427,9.111428571428572,-6.950000000000001
CUST_0019,1,2014-01-17,7.17,2014,1,17,4,6.326666666666667,3.5509200685643956,8.232857142857144,4.74
CUST_0019,1,2014-01-18,14.11,2014,1,18,5,7.903333333333333,5.874430468848309,8.851428571428572,6.9399999999999995
CUST_0019,1,2014-01-19,12.24,2014,1,19,6,11.173333333333332,3.59085412309291,9.211428571428572,-1.8699999999999992
CUST_0019,1,2014-01-20,11.29,2014,1,20,0,12.546666666666667,1.4347938295564804,9.597142857142856,-0.9500000000000011
CUST_0019,1,2014-01-21,10.12,2014,1,21,1,11.216666666666667,1.061900811438316,9.534285714285714,-1.17
CUST_0019,1,2014-01-22,10.62,2014,1,22,2,10.676666666666668,0.5870547958524432,9.71142857142857,0.5
CUST_0019,1,2014-01-23,0.94,2014,1,23,3,7.226666666666667,5.450149845034846,9.498571428571427,-9.68
CUST_0019,1,2014-01-24,14.54,2014,1,24,4,8.7,7.000342848746768,10.551428571428572,13.6
CUST_0019,1,2014-01-25,14.62,2014,1,25,5,10.033333333333333,7.875159257648911,10.624285714285714,0.08000000000000007
CUST_0019,1,2014-01-26,14.81,2014,1,26,6,14.656666666666666,0.13868429375146973,10.991428571428571,0.19000000000000128
CUST_0019,1,2014-01-27,6.81,2014,1,27,0,12.079999999999998,4.564942496899606,10.35142857142857,-8.0
CUST_0019,1,2014-01-28,11.35,2014,1,28,1,10.99,4.012131603026004,10.527142857142858,4.54
CUST_0019,1,2014-01-29,7.43,2014,1,29,2,8.53,2.4617879681239847,10.071428571428571,-3.92
CUST_0019,1,2014-01-30,2.97,2014,1,30,3,7.249999999999999,4.192898758615573,10.361428571428572,-4.459999999999999
CUST_0020,1,2014-01-01,4.44,2014,1,1,2,4.44,,4.44,
CUST_0020,1,2014-01-02,6.66,2014,1,2,3,5.550000000000001,1.5697770542341352,5.550000000000001,2.2199999999999998
CUST_0020,1,2014-01-03,4.95,2014,1,3,4,5.3500000000000005,1.162798348812037,5.3500000000000005,-1.71
CUST_0020,1,2014-01-04,1.83,2014,1,4,5,4.4799999999999995,2.4490610445638143,4.470000000000001,-3.12
CUST_0020,1,2014-01-05,1.71,2014,1,5,6,2.83,1.8369540005128062,3.918,-0.1200000000000001
CUST_0020,1,2014-01-06,8.14,2014,1,6,0,3.893333333333333,3.6782106156843897,4.621666666666667,6.430000000000001
CUST_0020,1,2014-01-07,14.58,2014,1,7,1,8.143333333333333,6.435000647500614,6.0442857142857145,6.4399999999999995
CUST_0020,1,2014-01-08,10.95,2014,1,8,2,11.223333333333334,3.228689104471551,6.974285714285714,-3.630000000000001
CUST_0020,1,2014-01-09,2.15,2014,1,9,3,9.226666666666665,6.391684702277898,6.329999999999999,-8.799999999999999
CUST_0020,1,2014-01-10,11.72,2014,1,10,4,8.273333333333333,5.316919534216527,7.297142857142858,9.57
CUST_0020,1,2014-01-11,12.75,2014,1,11,5,8.873333333333333,5.8453086602277295,8.857142857142858,1.0299999999999994
CUST_0020,1,2014-01-12,2.74,2014,1,12,6,9.07,5.506078459302953,9.004285714285714,-10.01
CUST_0020,1,2014-01-13,1.55,2014,1,13,0,5.68,6.151642057207162,8.062857142857142,-1.1900000000000002
CUST_0020,1,2014-01-14,11.96,2014,1,14,1,5.416666666666667,5.697844621726124,7.688571428571429,10.41
CUST_0020,1,2014-01-15,1.37,2014,1,15,2,4.96,6.062845866422796,6.32,-10.59
CUST_0020,1,2014-01-16,3.83,2014,1,16,3,5.72,5.542210750233158,6.560000000000001,2.46
CUST_0020,1,2014-01-17,1.56,2014,1,17,4,2.2533333333333325,1.3687342084324867,5.1085714285714285,-2.27
CUST_0020,1,2014-01-18,8.67,2014,1,18,5,4.6866666666666665,3.631588265942783,4.525714285714286,7.109999999999999
CUST_0020,1,2014-01-19,4.3,2014,1,19,6,4.843333333333333,3.586005205424737,4.748571428571429,-4.37
CUST_0020,1,2014-01-20,11.34,2014,1,20,0,8.103333333333332,3.5540446442515754,6.147142857142858,7.04
CUST_0020,1,2014-01-21,11.31,2014,1,21,1,8.983333333333333,4.055913378430722,6.054285714285714,-0.02999999999999936
CUST_0020,1,2014-01-22,1.31,2014,1,22,2,7.9866666666666655,5.78218240228837,6.045714285714285,-10.0
CUST_0020,1,2014-01-23,1.87,2014,1,23,3,4.829999999999999,5.618825500048919,5.765714285714286,0.56
CUST_0020,1,2014-01-24,7.89,2014,1,24,4,3.689999999999999,3.6480679818227046,6.670000000000001,6.02
CUST_0020,1,2014-01-25,14.79,2014,1,25,5,8.183333333333332,6.464992910540065,7.5442857142857145,6.8999999999999995
CUST_0020,1,2014-01-26,2.34,2014,1,26,6,8.339999999999998,6.237186865887535,7.264285714285714,-12.45
CUST_0020,1,2014-01-27,2.02,2014,1,27,0,6.383333333333332,7.282144830565601,5.932857142857143,-0.31999999999999984
CUST_0020,1,2014-01-28,9.34,2014,1,28,1,4.5666666666666655,4.13692317227832,5.65142857142857,7.32
CUST_0020,1,2014-01-29,3.95,2014,1,29,2,5.103333333333332,3.7938415008185724,6.028571428571429,-5.39
CUST_0020,1,2014-01-30,0.71,2014,1,30,3,4.666666666666665,4.359407452089483,5.862857142857143,-3.24
